{
	"info": {
		"_postman_id": "925afef3-0b7b-4388-8fda-334f549af0e4",
		"name": "Udaconnect",
		"schema": "https://schema.getpostman.com/json/collection/v2.1.0/collection.json"
	},
	"item": [
		{
			"name": "connection-api",
			"item": [
				{
					"name": "connection_by_persons_id",
					"request": {
						"method": "GET",
						"header": [],
						"url": {
							"raw": "http://localhost:30001/api/persons/{person_id}/connection",
							"protocol": "http",
							"host": [
								"localhost"
							],
							"port": "30001",
							"path": [
								"api",
								"persons",
								"{person_id}",
								"connection"
							]
						}
					},
					"response": []
				}
			]
		},		
		{
			"name": "persons-api",
			"item": [
				{
					"name": "persons",
					"request": {
						"method": "GET",
						"header": [],
						"url": {
							"raw": "http://localhost:30001/api/persons",
							"protocol": "http",
							"host": [
								"localhost"
							],
							"port": "30001",
							"path": [
								"api",
								"persons"
							]
						}
					},
					"response": []
				},
				{
					"name": "persons",
					"request": {
						"method": "POST",
						"header": [],
						"url": {
							"raw": "http://localhost:30001/api/persons",
							"protocol": "http",
							"host": [
								"localhost"
							],
							"port": "30001",
							"path": [
								"api",
								"persons"
							]
						}
					},
					"response": []
				},
				{
					"name": "persons_by_id",
					"request": {
						"method": "GET",
						"header": [],
						"url": {
							"raw": "http://localhost:30001/api/persons/{person_id}",
							"protocol": "http",
							"host": [
								"localhost"
							],
							"port": "30001",
							"path": [
								"api",
								"persons",
								"{person_id}"
							]
						}
					},
					"response": []
				}
			]
		}
	]
}